{
    "legal": {
        "judge_name": {
            "f1": 0.8188775510204082,
            "precision": 0.8177842565597667,
            "recall": 0.826530612244898
        },
        "plaintiff": {
            "f1": 0.3013468013468013,
            "precision": 0.37373737373737376,
            "recall": 0.2833333333333333
        },
        "defendant": {
            "f1": 0.16330767997434673,
            "precision": 0.42424242424242425,
            "recall": 0.11154401154401153
        },
        "hearing_year": {
            "f1": 0.9883720930232558,
            "precision": 0.9883720930232558,
            "recall": 0.9883720930232558
        },
        "judgment_year": {
            "f1": 0.9797979797979798,
            "precision": 0.9797979797979798,
            "recall": 0.9797979797979798
        },
        "case_type": {
            "f1": 0.6474747474747474,
            "precision": 0.6447811447811448,
            "recall": 0.6515151515151515
        },
        "verdict": {
            "f1": 0.6565656565656566,
            "precision": 0.6565656565656566,
            "recall": 0.6565656565656566
        },
        "counsel_for_applicant": {
            "f1": 0.8273425499231952,
            "precision": 0.839338081273565,
            "recall": 0.8623655913978495
        },
        "counsel_for_respondent": {
            "f1": 0.9004201680672269,
            "precision": 0.9264705882352942,
            "recall": 0.8884803921568627
        },
        "nationality_for_applicant": {
            "f1": 0.2903225806451613,
            "precision": 0.2903225806451613,
            "recall": 0.2903225806451613
        },
        "hearing_location": {
            "f1": 0.1717171717171717,
            "precision": 0.1717171717171717,
            "recall": 0.1717171717171717
        },
        "evidence": {
            "f1": 0.8080808080808081,
            "precision": 0.8080808080808081,
            "recall": 0.8080808080808081
        },
        "first_judge": {
            "f1": 0.47474747474747475,
            "precision": 0.47474747474747475,
            "recall": 0.47474747474747475
        }
    },
    "wikiart": {
        "Name": {
            "f1": 0.8770307470307469,
            "precision": 0.8541349206349207,
            "recall": 0.925
        },
        "Birth_Date": {
            "f1": 0.01020408163265306,
            "precision": 0.01020408163265306,
            "recall": 0.01020408163265306
        },
        "Death_Date": {
            "f1": 0.0,
            "precision": 0.0,
            "recall": 0.0
        },
        "Age": {
            "f1": 0.3225806451612903,
            "precision": 0.3225806451612903,
            "recall": 0.3225806451612903
        },
        "Birth_Country": {
            "f1": 0.020202020202020204,
            "precision": 0.020202020202020204,
            "recall": 0.020202020202020204
        },
        "Death_Country": {
            "f1": 0.0009746588693957114,
            "precision": 0.0005060728744939271,
            "recall": 0.013157894736842105
        },
        "Birth_City": {
            "f1": 0.27227182539682543,
            "precision": 0.25520833333333337,
            "recall": 0.3177083333333333
        },
        "Death_City": {
            "f1": 0.07611940298507462,
            "precision": 0.062189054726368154,
            "recall": 0.1044776119402985
        },
        "Field": {
            "f1": 0.0,
            "precision": 0.0,
            "recall": 0.0
        },
        "Genre": {
            "f1": 0.24129353233830841,
            "precision": 0.2462686567164179,
            "recall": 0.23880597014925373
        },
        "Marriage": {
            "f1": 0.0,
            "precision": 0.0,
            "recall": 0.0
        },
        "Art_Movement": {
            "f1": 0.032668771897191196,
            "precision": 0.018800430092729695,
            "recall": 0.2431924882629108
        }
    },
    "nba": {
        "name": {
            "f1": 0.4416283369408369,
            "precision": 0.38616071428571425,
            "recall": 0.5659722222222222
        },
        "birth_date": {
            "f1": 0.71875,
            "precision": 0.71875,
            "recall": 0.71875
        },
        "age": {
            "f1": 0.7395833333333334,
            "precision": 0.7395833333333334,
            "recall": 0.7395833333333334
        },
        "nationality": {
            "f1": 0.22197802197802197,
            "precision": 0.221001221001221,
            "recall": 0.23076923076923078
        },
        "college": {
            "f1": 0.23776377217553696,
            "precision": 0.29883724119018235,
            "recall": 0.2215686274509804
        },
        "team": {
            "f1": 0.18681815529241996,
            "precision": 0.17226055194805195,
            "recall": 0.28125
        },
        "position": {
            "f1": 0.6904761904761906,
            "precision": 0.6964285714285714,
            "recall": 0.6875
        },
        "draft_year": {
            "f1": 0.6458333333333334,
            "precision": 0.6458333333333334,
            "recall": 0.6458333333333334
        },
        "draft_pick": {
            "f1": 0.0,
            "precision": 0.0,
            "recall": 0.0
        },
        "NBA_championships": {
            "f1": 0.7647058823529411,
            "precision": 0.7647058823529411,
            "recall": 0.7647058823529411
        },
        "mvp_awards": {
            "f1": 0.8602150537634409,
            "precision": 0.8602150537634409,
            "recall": 0.8602150537634409
        },
        "olympic_gold_medals": {
            "f1": 0.9210526315789473,
            "precision": 0.9210526315789473,
            "recall": 0.9210526315789473
        },
        "FIBA_World_Cup": {
            "f1": 0.8666666666666667,
            "precision": 0.8666666666666667,
            "recall": 0.8666666666666667
        }
    },
    "fin": {
        "Company Name": {
            "f1": 0.486645962732919,
            "precision": 0.5432503607503605,
            "recall": 0.484
        },
        "Founding Year": {
            "f1": 0.9578947368421052,
            "precision": 0.9578947368421052,
            "recall": 0.9578947368421052
        },
        "Headquarters Location": {
            "f1": 0.8214749536178109,
            "precision": 0.8144557823129251,
            "recall": 0.8392857142857143
        },
        "Industry Type": {
            "f1": 0.2497355055430502,
            "precision": 0.20290476190476184,
            "recall": 0.38628787878787885
        },
        "Product/Service Type": {
            "f1": 0.27987633538189693,
            "precision": 0.33080203718709905,
            "recall": 0.34692778656260914
        },
        "Customer Type": {
            "f1": 0.029086191586191586,
            "precision": 0.0705128205128205,
            "recall": 0.021588827838827835
        },
        "Tax Policy": {
            "f1": 0.97,
            "precision": 0.97,
            "recall": 0.97
        },
        "Branches Office": {
            "f1": 0.71,
            "precision": 0.71,
            "recall": 0.71
        },
        "Brand Number": {
            "f1": 0.36,
            "precision": 0.36,
            "recall": 0.36
        },
        "Changed Name": {
            "f1": 0.99,
            "precision": 0.99,
            "recall": 0.99
        },
        "Segments Number": {
            "f1": 0.79,
            "precision": 0.79,
            "recall": 0.79
        }
    }
}