{
    "legal": {
        "judge_name": {
            "f1": 0.3185425685425681,
            "precision": 0.19100529100529068,
            "recall": 0.9595959595959596
        },
        "plaintiff": {
            "f1": 0.041666666666666664,
            "precision": 0.041666666666666664,
            "recall": 0.041666666666666664
        },
        "defendant": {
            "f1": 0.0,
            "precision": 0.0,
            "recall": 0.0
        },
        "hearing_year": {
            "f1": 0.84375,
            "precision": 0.84375,
            "recall": 0.84375
        },
        "judgment_year": {
            "f1": 0.9489795918367347,
            "precision": 0.9489795918367347,
            "recall": 0.9489795918367347
        },
        "case_type": {
            "f1": 0.0,
            "precision": 0.0,
            "recall": 0.0
        },
        "verdict": {
            "f1": 0.0,
            "precision": 0.0,
            "recall": 0.0
        },
        "counsel_for_applicant": {
            "f1": 0.044642857142857144,
            "precision": 0.06547619047619048,
            "recall": 0.03928571428571429
        },
        "counsel_for_respondent": {
            "f1": 0.12398254356085682,
            "precision": 0.16455823293172692,
            "recall": 0.10768789443488239
        },
        "nationality_for_applicant": {
            "f1": 0.0,
            "precision": 0.0,
            "recall": 0.0
        },
        "hearing_location": {
            "f1": 0.0,
            "precision": 0.0,
            "recall": 0.0
        },
        "evidence": {
            "f1": 0.006734006734006734,
            "precision": 0.005050505050505051,
            "recall": 0.010101010101010102
        },
        "first_judge": {
            "f1": 0.48484848484848486,
            "precision": 0.48484848484848486,
            "recall": 0.48484848484848486
        }
    },
    "wikiart": {
        "Name": {
            "f1": 0.6483870967741933,
            "precision": 0.8064516129032258,
            "recall": 0.5788530465949822
        },
        "Birth_Date": {
            "f1": 0.23255813953488372,
            "precision": 0.23255813953488372,
            "recall": 0.23255813953488372
        },
        "Death_Date": {
            "f1": 0.08695652173913043,
            "precision": 0.08695652173913043,
            "recall": 0.08695652173913043
        },
        "Age": {
            "f1": 0.021966205837173583,
            "precision": 0.013056954992438863,
            "recall": 0.08602150537634409
        },
        "Birth_Country": {
            "f1": 0.011299435028248588,
            "precision": 0.00847457627118644,
            "recall": 0.01694915254237288
        },
        "Death_Country": {
            "f1": 0.019774011299435026,
            "precision": 0.014124293785310733,
            "recall": 0.03389830508474576
        },
        "Birth_City": {
            "f1": 0.3009803921568628,
            "precision": 0.30637254901960786,
            "recall": 0.30931372549019603
        },
        "Death_City": {
            "f1": 0.2716981132075471,
            "precision": 0.24842767295597484,
            "recall": 0.3238993710691823
        },
        "Field": {
            "f1": 0.0,
            "precision": 0.0,
            "recall": 0.0
        },
        "Genre": {
            "f1": 0.00945273631840796,
            "precision": 0.008706467661691543,
            "recall": 0.01243781094527363
        },
        "Marriage": {
            "f1": 0.0,
            "precision": 0.0,
            "recall": 0.0
        },
        "Art_Movement": {
            "f1": 0.01714285714285714,
            "precision": 0.016666666666666666,
            "recall": 0.021111111111111112
        }
    },
    "nba": {
        "name": {
            "f1": 0.5664222052457344,
            "precision": 0.5780392156862744,
            "recall": 0.668235294117647
        },
        "age": {
            "f1": 0.0,
            "precision": 0,
            "recall": 0
        },
        "birth_date": {
            "f1": 0.2793314093314093,
            "precision": 0.27850168350168353,
            "recall": 0.3037037037037037
        },
        "nationality": {
            "f1": 0.009090909090909092,
            "precision": 0.005681818181818182,
            "recall": 0.022727272727272728
        },
        "college": {
            "f1": 0.025297619047619044,
            "precision": 0.028571428571428574,
            "recall": 0.026785714285714284
        },
        "team": {
            "f1": 0.06571428571428571,
            "precision": 0.09047619047619047,
            "recall": 0.0619047619047619
        },
        "position": {
            "f1": 0.03815426997245179,
            "precision": 0.03168831168831169,
            "recall": 0.07272727272727272
        },
        "draft_year": {
            "f1": 0.6153846153846154,
            "precision": 0.6153846153846154,
            "recall": 0.6153846153846154
        },
        "draft_pick": {
            "f1": 0.0,
            "precision": 0.0,
            "recall": 0.0
        },
        "NBA_championships": {
            "f1": 0.7272727272727273,
            "precision": 0.7272727272727273,
            "recall": 0.7272727272727273
        },
        "mvp_awards": {
            "f1": 0.9310344827586207,
            "precision": 0.9310344827586207,
            "recall": 0.9310344827586207
        },
        "olympic_gold_medals": {
            "f1": 0.9333333333333333,
            "precision": 0.9333333333333333,
            "recall": 0.9333333333333333
        },
        "FIBA_World_Cup": {
            "f1": 0.8513513513513513,
            "precision": 0.8513513513513513,
            "recall": 0.8513513513513513
        }
    },
    "fin": {
        "Company Name": {
            "f1": 0.013919413919413922,
            "precision": 0.02564102564102564,
            "recall": 0.010042735042735042
        },
        "Founding Year": {
            "f1": 0.9459459459459459,
            "precision": 0.9459459459459459,
            "recall": 0.9459459459459459
        },
        "Headquarters Location": {
            "f1": 0.14870748299319728,
            "precision": 0.18095238095238098,
            "recall": 0.12857142857142856
        },
        "Industry Type": {
            "f1": 0.0022607022607022604,
            "precision": 0.0014379910213243546,
            "recall": 0.006734006734006734
        },
        "Product/Service Type": {
            "f1": 0.03215814165903293,
            "precision": 0.07721661054994387,
            "recall": 0.022729071473089304
        },
        "Customer Type": {
            "f1": 0.022278863340380452,
            "precision": 0.034160756501182034,
            "recall": 0.018568665377176018
        },
        "Tax Policy": {
            "f1": 0.9797979797979798,
            "precision": 0.9797979797979798,
            "recall": 0.9797979797979798
        },
        "Branches Office": {
            "f1": 0.0,
            "precision": 0.0,
            "recall": 0.0
        },
        "Brand Number": {
            "f1": 0.0,
            "precision": 0.0,
            "recall": 0.0
        },
        "Changed Name": {
            "f1": 0.7373737373737373,
            "precision": 0.7373737373737373,
            "recall": 0.7373737373737373
        },
        "Segments Number": {
            "f1": 0.0,
            "precision": 0.0,
            "recall": 0.0
        }
    }
}